<dependencies>
    <!-- Spring Web -->
    <dependency>
        <groupId>org.springframework.boot</groupId>
        <artifactId>spring-boot-starter-web</artifactId>
    </dependency>

    <!-- AWS SDK for Java -->
    <dependency>
        <groupId>software.amazon.awssdk</groupId>
        <artifactId>aws-sdk-java</artifactId>
    </dependency>

    <!-- MongoDB driver -->
    <dependency>
        <groupId>org.springframework.boot</groupId>
        <artifactId>spring-boot-starter-data-mongodb</artifactId>
    </dependency>
</dependencies>
